<?xml version="1.0" encoding="UTF-8"?>
<project-private xmlns="http://www.netbeans.org/ns/project-private/1">
    <editor-bookmarks xmlns="http://www.netbeans.org/ns/editor-bookmarks/2" lastBookmarkId="0"/>
    <open-files xmlns="http://www.netbeans.org/ns/projectui-open-files/2">
        <group>
            <file>file:/opt/lampp/htdocs/eventoshutf/model/crudPessoa.php</file>
            <file>file:/opt/lampp/htdocs/eventoshutf/eventCalendar/backend_move.php</file>
            <file>file:/opt/lampp/htdocs/eventoshutf/config/DB.php</file>
            <file>file:/opt/lampp/htdocs/eventoshutf/eventCalendar/backend_create.php</file>
            <file>file:/opt/lampp/htdocs/eventoshutf/eventCalendar/backend_events.php</file>
            <file>file:/opt/lampp/htdocs/eventoshutf/eventCalendar/backend_resize.php</file>
            <file>file:/opt/lampp/htdocs/eventoshutf/index.php</file>
            <file>file:/opt/lampp/htdocs/eventoshutf/eventCalendar/_db.php</file>
            <file>file:/opt/lampp/htdocs/eventoshutf/eventCalendar/index.php</file>
        </group>
    </open-files>
</project-private>
